video,frame_idx,gt_drop
abby_road_view.mp4,5570,1
abby_road_view.mp4,8382,1
abby_road_view.mp4,5769,0
abby_road_view.mp4,2884,1
abby_road_view.mp4,3050,1
abby_road_view.mp4,5082,0
abby_road_view.mp4,537,0
abby_road_view.mp4,8766,1
abby_road_view.mp4,501,0
abby_road_view.mp4,2043,1
abby_road_view.mp4,3514,0
abby_road_view.mp4,6929,0
abby_road_view.mp4,9527,0
abby_road_view.mp4,9615,0
abby_road_view.mp4,816,1
abby_road_view.mp4,8639,1
abby_road_view.mp4,1168,1
abby_road_view.mp4,1293,1
abby_road_view.mp4,4722,1
abby_road_view.mp4,8654,1
abby_road_view.mp4,9651,0
abby_road_view.mp4,204,1
abby_road_view.mp4,198,1
abby_road_view.mp4,5504,0
abby_road_view.mp4,4566,0
abby_road_view.mp4,1673,0
abby_road_view.mp4,8985,1
abby_road_view.mp4,6565,1
abby_road_view.mp4,1831,0
abby_road_view.mp4,6896,0
abby_road_view.mp4,3382,1
abby_road_view.mp4,8785,1
abby_road_view.mp4,1825,0
abby_road_view.mp4,601,0
abby_road_view.mp4,4038,0
abby_road_view.mp4,1886,0
abby_road_view.mp4,2453,1
abby_road_view.mp4,498,0
abby_road_view.mp4,5099,0
abby_road_view.mp4,2950,1
abby_road_view.mp4,1849,0
abby_road_view.mp4,2937,1
abby_road_view.mp4,595,0
abby_road_view.mp4,1922,0
abby_road_view.mp4,7180,1
abby_road_view.mp4,5322,0
abby_road_view.mp4,9437,0
abby_road_view.mp4,5620,0
abby_road_view.mp4,4314,0
abby_road_view.mp4,5805,0
abby_road_view.mp4,1856,0
abby_road_view.mp4,6904,0
abby_road_view.mp4,9250,1
abby_road_view.mp4,6455,1
abby_road_view.mp4,3569,0
abby_road_view.mp4,6066,0
abby_road_view.mp4,7692,1
abby_road_view.mp4,9570,0
abby_road_view.mp4,5909,0
abby_road_view.mp4,6266,0
abby_road_view.mp4,9042,1
abby_road_view.mp4,4575,0
abby_road_view.mp4,2279,1
abby_road_view.mp4,4662,0
abby_road_view.mp4,4286,0
abby_road_view.mp4,3960,0
abby_road_view.mp4,3149,1
abby_road_view.mp4,7758,1
abby_road_view.mp4,2610,1
abby_road_view.mp4,4509,0
abby_road_view.mp4,994,1
abby_road_view.mp4,1833,0
abby_road_view.mp4,4711,0
abby_road_view.mp4,4974,0
abby_road_view.mp4,2818,1
abby_road_view.mp4,5912,0
abby_road_view.mp4,589,0
abby_road_view.mp4,2346,1
abby_road_view.mp4,9551,0
abby_road_view.mp4,5051,0
abby_road_view.mp4,7526,1
abby_road_view.mp4,7066,0
abby_road_view.mp4,4712,0
abby_road_view.mp4,607,0
abby_road_view.mp4,4774,0
abby_road_view.mp4,9596,0
abby_road_view.mp4,5935,1
abby_road_view.mp4,4295,0
abby_road_view.mp4,5470,0
abby_road_view.mp4,931,1
abby_road_view.mp4,1392,1
abby_road_view.mp4,5160,0
abby_road_view.mp4,3786,1
abby_road_view.mp4,3838,0
abby_road_view.mp4,9104,1
abby_road_view.mp4,2321,1
abby_road_view.mp4,5917,0
abby_road_view.mp4,2652,1
abby_road_view.mp4,2387,1
abby_road_view.mp4,4647,0
abby_road_view.mp4,928,1
abby_road_view.mp4,3083,1
abby_road_view.mp4,2519,1
abby_road_view.mp4,9150,1
abby_road_view.mp4,9559,0
abby_road_view.mp4,4878,0
abby_road_view.mp4,1923,0
abby_road_view.mp4,5904,0
abby_road_view.mp4,7782,1
abby_road_view.mp4,613,0
abby_road_view.mp4,9781,0
abby_road_view.mp4,5022,0
abby_road_view.mp4,4584,0
abby_road_view.mp4,6068,0
abby_road_view.mp4,6001,1
abby_road_view.mp4,9502,0
abby_road_view.mp4,7195,1
abby_road_view.mp4,364,1
abby_road_view.mp4,165,1
abby_road_view.mp4,1279,1
abby_road_view.mp4,1830,0
abby_road_view.mp4,3981,1
abby_road_view.mp4,3116,1
abby_road_view.mp4,862,1
abby_road_view.mp4,4326,0
abby_road_view.mp4,1591,1
abby_road_view.mp4,7176,1
abby_road_view.mp4,9416,0
abby_road_view.mp4,5926,1
abby_road_view.mp4,5179,0
abby_road_view.mp4,4182,0
abby_road_view.mp4,3695,0
abby_road_view.mp4,885,1
abby_road_view.mp4,5881,0
abby_road_view.mp4,5622,0
abby_road_view.mp4,3323,1
abby_road_view.mp4,5627,0
abby_road_view.mp4,4670,0
abby_road_view.mp4,5404,0
abby_road_view.mp4,9407,0
abby_road_view.mp4,8952,1
abby_road_view.mp4,4277,0
abby_road_view.mp4,3476,0
abby_road_view.mp4,3494,0
abby_road_view.mp4,4638,0
abby_road_view.mp4,597,0
abby_road_view.mp4,4639,0
abby_road_view.mp4,8620,1
abby_road_view.mp4,7957,1
abby_road_view.mp4,8388,1
abby_road_view.mp4,2887,1
abby_road_view.mp4,8189,1
abby_road_view.mp4,5945,1
abby_road_view.mp4,5273,0
abby_road_view.mp4,8286,1
abby_road_view.mp4,7566,1
abby_road_view.mp4,8523,1
abby_road_view.mp4,3183,1
abby_road_view.mp4,5095,0
abby_road_view.mp4,4302,0
abby_road_view.mp4,5243,0
abby_road_view.mp4,6523,1
abby_road_view.mp4,9051,1
abby_road_view.mp4,1657,0
abby_road_view.mp4,7825,1
abby_road_view.mp4,1492,1
abby_road_view.mp4,5868,0
abby_road_view.mp4,5924,1
abby_road_view.mp4,2906,1
abby_road_view.mp4,437,0
abby_road_view.mp4,9018,1
abby_road_view.mp4,8874,1
abby_road_view.mp4,8197,1
abby_road_view.mp4,1490,1
abby_road_view.mp4,6246,0
abby_road_view.mp4,828,1
abby_road_view.mp4,9557,0
abby_road_view.mp4,5678,0
abby_road_view.mp4,3690,0
abby_road_view.mp4,331,1
abby_road_view.mp4,298,1
abby_road_view.mp4,397,0
abby_road_view.mp4,5793,0
abby_road_view.mp4,2274,1
abby_road_view.mp4,9554,0
abby_road_view.mp4,8516,1
abby_road_view.mp4,6598,1
abby_road_view.mp4,96,1
abby_road_view.mp4,795,1
abby_road_view.mp4,4641,0
abby_road_view.mp4,4210,0
abby_road_view.mp4,5636,0
abby_road_view.mp4,7352,1
abby_road_view.mp4,6233,0
abby_road_view.mp4,5122,0
abby_road_view.mp4,1485,1
abby_road_view.mp4,4940,0
abby_road_view.mp4,4686,0
abby_road_view.mp4,1640,0
abby_road_view.mp4,8256,1
abby_road_view.mp4,6444,1
abby_road_view.mp4,6529,1
abby_road_view.mp4,5903,0
abby_road_view.mp4,66,1
abby_road_view.mp4,1359,1
abby_road_view.mp4,4177,0
abby_road_view.mp4,9085,1
abby_road_view.mp4,33,1
abby_road_view.mp4,8222,1
abby_road_view.mp4,9491,0
abby_road_view.mp4,0,1
abby_road_view.mp4,6693,1
abby_road_view.mp4,5934,1
abby_road_view.mp4,3498,0
abby_road_view.mp4,2509,1
abby_road_view.mp4,3614,0
abby_road_view.mp4,7592,1
abby_road_view.mp4,7161,0
abby_road_view.mp4,2718,1
abby_road_view.mp4,5931,1
abby_road_view.mp4,5753,0
abby_road_view.mp4,1061,1
abby_road_view.mp4,4819,0
abby_road_view.mp4,4078,0
abby_road_view.mp4,8250,1
abby_road_view.mp4,464,0
abby_road_view.mp4,2785,1
abby_road_view.mp4,9606,0
abby_road_view.mp4,4128,0
abby_road_view.mp4,9174,1
abby_road_view.mp4,9184,1
abby_road_view.mp4,7725,1
abby_road_view.mp4,4206,0
abby_road_view.mp4,5879,0
abby_road_view.mp4,3415,0
abby_road_view.mp4,8024,1
abby_road_view.mp4,4111,0
abby_road_view.mp4,8796,1
abby_road_view.mp4,2264,1
abby_road_view.mp4,2869,1
abby_road_view.mp4,590,0
abby_road_view.mp4,9151,1
abby_road_view.mp4,7588,1
abby_road_view.mp4,3779,1
abby_road_view.mp4,4613,0
abby_road_view.mp4,3507,0
abby_road_view.mp4,9409,0
abby_road_view.mp4,75,1
abby_road_view.mp4,4661,0
abby_road_view.mp4,1829,0
abby_road_view.mp4,9350,1
abby_road_view.mp4,4840,0
abby_road_view.mp4,9582,0
abby_road_view.mp4,603,0
abby_road_view.mp4,7294,1
abby_road_view.mp4,3680,0
abby_road_view.mp4,1827,0
abby_road_view.mp4,4415,0
abby_road_view.mp4,4674,0
abby_road_view.mp4,3978,0
abby_road_view.mp4,9431,0
abby_road_view.mp4,5893,0
abby_road_view.mp4,9690,0
abby_road_view.mp4,394,0
abby_road_view.mp4,4289,0
abby_road_view.mp4,5046,0
abby_road_view.mp4,6591,1
abby_road_view.mp4,8430,1
abby_road_view.mp4,3942,0
abby_road_view.mp4,8774,1
abby_road_view.mp4,1645,0
abby_road_view.mp4,7049,0
abby_road_view.mp4,7303,1
abby_road_view.mp4,3448,0
abby_road_view.mp4,2055,1
abby_road_view.mp4,9573,0
abby_road_view.mp4,3665,0
abby_road_view.mp4,7360,1
abby_road_view.mp4,7983,1
abby_road_view.mp4,4622,0
abby_road_view.mp4,6735,1
abby_road_view.mp4,729,1
abby_road_view.mp4,4646,0
abby_road_view.mp4,4675,0
abby_road_view.mp4,1578,1
abby_road_view.mp4,5802,0
abby_road_view.mp4,8331,1
abby_road_view.mp4,307,1
abby_road_view.mp4,6797,1
abby_road_view.mp4,7581,1
abby_road_view.mp4,2752,1
abby_road_view.mp4,7855,1
abby_road_view.mp4,623,0
abby_road_view.mp4,5891,0
abby_road_view.mp4,6220,0
abby_road_view.mp4,5968,1
abby_road_view.mp4,4919,0
abby_road_view.mp4,541,0
abby_road_view.mp4,7188,1
abby_road_view.mp4,4458,0
abby_road_view.mp4,612,0
abby_road_view.mp4,9457,0
abby_road_view.mp4,1152,1
abby_road_view.mp4,7924,1
abby_road_view.mp4,9549,0
abby_road_view.mp4,9306,1
abby_road_view.mp4,6672,1
abby_road_view.mp4,961,1
abby_road_view.mp4,587,0
abby_road_view.mp4,3348,1
abby_road_view.mp4,5873,0
abby_road_view.mp4,5876,0
abby_road_view.mp4,7495,1
abby_road_view.mp4,565,0
abby_road_view.mp4,288,1
abby_road_view.mp4,9648,0
abby_road_view.mp4,6102,0
abby_road_view.mp4,6432,1
abby_road_view.mp4,5039,0
abby_road_view.mp4,8783,1
abby_road_view.mp4,4655,0
abby_road_view.mp4,8148,1
abby_road_view.mp4,1631,0
abby_road_view.mp4,9748,0
abby_road_view.mp4,6549,1
abby_road_view.mp4,8109,1
abby_road_view.mp4,1989,0
abby_road_view.mp4,5147,0
abby_road_view.mp4,7661,1
abby_road_view.mp4,5680,0
abby_road_view.mp4,4708,0
abby_road_view.mp4,8541,1
abby_road_view.mp4,4631,0
abby_road_view.mp4,3361,1
abby_road_view.mp4,8289,1
abby_road_view.mp4,1637,0
abby_road_view.mp4,9510,0
abby_road_view.mp4,8455,1
abby_road_view.mp4,3522,0
abby_road_view.mp4,3580,0
abby_road_view.mp4,4059,0
abby_road_view.mp4,8587,1
abby_road_view.mp4,5897,0
abby_road_view.mp4,9535,0
abby_road_view.mp4,8491,1
abby_road_view.mp4,2766,1
abby_road_view.mp4,27,1
abby_road_view.mp4,4874,0
abby_road_view.mp4,1116,1
abby_road_view.mp4,300,1
abby_road_view.mp4,7626,1
abby_road_view.mp4,5835,0
abby_road_view.mp4,3813,0
abby_road_view.mp4,3599,0
abby_road_view.mp4,6664,1
abby_road_view.mp4,148,1
abby_road_view.mp4,2761,1
abby_road_view.mp4,6524,1
abby_road_view.mp4,6888,0
abby_road_view.mp4,8582,1
abby_road_view.mp4,7791,1
abby_road_view.mp4,9189,1
abby_road_view.mp4,591,0
abby_road_view.mp4,4635,0
abby_road_view.mp4,8886,1
abby_road_view.mp4,8730,1
abby_road_view.mp4,4653,0
abby_road_view.mp4,6399,1
abby_road_view.mp4,3062,1
abby_road_view.mp4,689,1
abby_road_view.mp4,1847,0
abby_road_view.mp4,1244,1
abby_road_view.mp4,9621,0
abby_road_view.mp4,9446,0
abby_road_view.mp4,6100,0
abby_road_view.mp4,1635,0
abby_road_view.mp4,4983,0
abby_road_view.mp4,888,1
abby_road_view.mp4,9400,0
abby_road_view.mp4,3606,0
abby_road_view.mp4,7062,0
abby_road_view.mp4,2094,1
abby_road_view.mp4,4325,0
abby_road_view.mp4,2413,1
abby_road_view.mp4,895,1
abby_road_view.mp4,4563,0
abby_road_view.mp4,2918,1
abby_road_view.mp4,4476,0
abby_road_view.mp4,3387,1
abby_road_view.mp4,584,0
abby_road_view.mp4,5346,0
abby_road_view.mp4,5949,1
abby_road_view.mp4,4634,0
abby_road_view.mp4,3647,0
abby_road_view.mp4,594,0
abby_road_view.mp4,4303,0
abby_road_view.mp4,8852,1
abby_road_view.mp4,2354,1
abby_road_view.mp4,2254,1
abby_road_view.mp4,9450,0
abby_road_view.mp4,4649,0
abby_road_view.mp4,696,1
abby_road_view.mp4,7601,1
abby_road_view.mp4,605,0
abby_road_view.mp4,530,0
abby_road_view.mp4,8322,1
abby_road_view.mp4,1669,0
abby_road_view.mp4,7042,0
abby_road_view.mp4,5989,1
abby_road_view.mp4,572,0
abby_road_view.mp4,1835,0
abby_road_view.mp4,8378,1
abby_road_view.mp4,2851,1
abby_road_view.mp4,497,0
abby_road_view.mp4,1503,1
abby_road_view.mp4,593,0
abby_road_view.mp4,4310,0
abby_road_view.mp4,3216,1
abby_road_view.mp4,648,1
abby_road_view.mp4,9486,0
abby_road_view.mp4,1633,0
abby_road_view.mp4,9547,0
abby_road_view.mp4,9822,0
abby_road_view.mp4,4643,0
abby_road_view.mp4,663,1
abby_road_view.mp4,1842,0
abby_road_view.mp4,900,1
abby_road_view.mp4,8294,1
abby_road_view.mp4,5371,0
abby_road_view.mp4,4608,0
abby_road_view.mp4,265,1
abby_road_view.mp4,1889,0
abby_road_view.mp4,4441,0
abby_road_view.mp4,7871,1
abby_road_view.mp4,614,0
abby_road_view.mp4,7483,1
abby_road_view.mp4,1854,0
abby_road_view.mp4,1624,1
abby_road_view.mp4,9422,0
abby_road_view.mp4,2461,1
abby_road_view.mp4,4422,0
abby_road_view.mp4,611,0
abby_road_view.mp4,9172,1
abby_road_view.mp4,4299,0
abby_road_view.mp4,8612,1
abby_road_view.mp4,6489,1
abby_road_view.mp4,5172,0
abby_road_view.mp4,621,0
abby_road_view.mp4,2302,1
abby_road_view.mp4,1728,0
abby_road_view.mp4,9483,0
abby_road_view.mp4,87,1
abby_road_view.mp4,8123,1
abby_road_view.mp4,4642,0
abby_road_view.mp4,4644,0
abby_road_view.mp4,803,1
abby_road_view.mp4,4399,0
abby_road_view.mp4,5742,0
abby_road_view.mp4,8156,1
abby_road_view.mp4,4281,0
abby_road_view.mp4,1380,1
abby_road_view.mp4,8720,1
abby_road_view.mp4,4807,0
abby_road_view.mp4,4782,0
abby_road_view.mp4,1691,0
abby_road_view.mp4,4443,0
abby_road_view.mp4,4244,0
abby_road_view.mp4,5890,0
abby_road_view.mp4,2199,1
abby_road_view.mp4,9561,0
abby_road_view.mp4,3547,0
abby_road_view.mp4,1458,1
abby_road_view.mp4,575,0
abby_road_view.mp4,184,1
abby_road_view.mp4,1425,0
abby_road_view.mp4,635,1
abby_road_view.mp4,99,1
abby_road_view.mp4,1226,1
abby_road_view.mp4,1265,1
abby_road_view.mp4,8295,1
abby_road_view.mp4,8457,1
abby_road_view.mp4,600,0
abby_road_view.mp4,2622,1
abby_road_view.mp4,7498,1
abby_road_view.mp4,6963,0
abby_road_view.mp4,4284,0
abby_road_view.mp4,9548,0
abby_road_view.mp4,3315,1
abby_road_view.mp4,944,1
abby_road_view.mp4,5883,0
abby_road_view.mp4,132,1
abby_road_view.mp4,6303,1
abby_road_view.mp4,1588,1
abby_road_view.mp4,4590,0
abby_road_view.mp4,5015,0
abby_road_view.mp4,6366,1
abby_road_view.mp4,4789,0
abby_road_view.mp4,4535,0
abby_road_view.mp4,1233,1
abby_road_view.mp4,6126,0
abby_road_view.mp4,5271,0
abby_road_view.mp4,6756,1
abby_road_view.mp4,1063,1
abby_road_view.mp4,8573,1
abby_road_view.mp4,3350,1
abby_road_view.mp4,3102,1
abby_road_view.mp4,5045,0
abby_road_view.mp4,5106,0
abby_road_view.mp4,7394,1
abby_road_view.mp4,7659,1
abby_road_view.mp4,3879,0
abby_road_view.mp4,9411,0
abby_road_view.mp4,1530,1
abby_road_view.mp4,3923,0
abby_road_view.mp4,4842,0
abby_road_view.mp4,4886,0
abby_road_view.mp4,5714,1
abby_road_view.mp4,1074,1
abby_road_view.mp4,6498,1
abby_road_view.mp4,9545,0
abby_road_view.mp4,4287,0
abby_road_view.mp4,4610,0
abby_road_view.mp4,6086,0
abby_road_view.mp4,4602,0
abby_road_view.mp4,5262,0
abby_road_view.mp4,9546,0
abby_road_view.mp4,232,1
abby_road_view.mp4,4293,0
abby_road_view.mp4,7460,1
abby_road_view.mp4,3481,0
abby_road_view.mp4,2165,1
abby_road_view.mp4,2917,1
abby_road_view.mp4,5940,1
abby_road_view.mp4,4617,0
abby_road_view.mp4,2772,1
abby_road_view.mp4,7327,1
abby_road_view.mp4,1094,1
abby_road_view.mp4,3913,1
abby_road_view.mp4,7998,1
abby_road_view.mp4,5305,0
abby_road_view.mp4,1717,0
abby_road_view.mp4,9814,0
abby_road_view.mp4,2619,1
abby_road_view.mp4,9609,0
abby_road_view.mp4,1974,0
abby_road_view.mp4,1409,1
abby_road_view.mp4,1302,1
abby_road_view.mp4,3041,1
abby_road_view.mp4,9398,0
abby_road_view.mp4,6996,0
abby_road_view.mp4,1193,1
abby_road_view.mp4,6852,0
abby_road_view.mp4,8140,1
abby_road_view.mp4,4616,0
abby_road_view.mp4,3570,0
abby_road_view.mp4,8554,1
abby_road_view.mp4,7736,1
abby_road_view.mp4,5850,0
abby_road_view.mp4,5646,0
abby_road_view.mp4,4553,0
abby_road_view.mp4,2287,1
abby_road_view.mp4,1643,0
abby_road_view.mp4,5993,1
abby_road_view.mp4,4569,0
abby_road_view.mp4,4623,0
abby_road_view.mp4,6890,0
abby_road_view.mp4,3017,1
abby_road_view.mp4,1326,1
abby_road_view.mp4,5238,0
abby_road_view.mp4,4633,0
abby_road_view.mp4,1160,1
abby_road_view.mp4,6863,0
abby_road_view.mp4,563,0
abby_road_view.mp4,1851,0
abby_road_view.mp4,8047,1
abby_road_view.mp4,3249,1
abby_road_view.mp4,7858,1
abby_road_view.mp4,9536,0
abby_road_view.mp4,3150,1
abby_road_view.mp4,6402,1
abby_road_view.mp4,1255,1
abby_road_view.mp4,9516,0
abby_road_view.mp4,4758,0
abby_road_view.mp4,1757,0
abby_road_view.mp4,6531,1
abby_road_view.mp4,8118,1
abby_road_view.mp4,6465,1
abby_road_view.mp4,1826,0
abby_road_view.mp4,4266,0
abby_road_view.mp4,7228,1
abby_road_view.mp4,9543,0
abby_road_view.mp4,3915,1
abby_road_view.mp4,3101,1
abby_road_view.mp4,9296,1
abby_road_view.mp4,431,0
abby_road_view.mp4,9231,1
abby_road_view.mp4,7322,1
abby_road_view.mp4,8090,1
abby_road_view.mp4,9813,0
abby_road_view.mp4,5193,0
abby_road_view.mp4,9383,1
abby_road_view.mp4,6067,0
abby_road_view.mp4,2486,1
abby_road_view.mp4,3630,0
abby_road_view.mp4,8318,1
abby_road_view.mp4,9417,0
abby_road_view.mp4,962,1
abby_road_view.mp4,2088,1
abby_road_view.mp4,9810,0
abby_road_view.mp4,5658,1
abby_road_view.mp4,9317,1
abby_road_view.mp4,3935,1
abby_road_view.mp4,9137,1
abby_road_view.mp4,9744,0
abby_road_view.mp4,1525,1
abby_road_view.mp4,2760,1
abby_road_view.mp4,2582,1
abby_road_view.mp4,1259,1
abby_road_view.mp4,4376,0
abby_road_view.mp4,8777,1
abby_road_view.mp4,8421,1
abby_road_view.mp4,2626,1
abby_road_view.mp4,5910,0
abby_road_view.mp4,7493,1
abby_road_view.mp4,1589,1
abby_road_view.mp4,2122,1
abby_road_view.mp4,1832,0
abby_road_view.mp4,4041,0
abby_road_view.mp4,7990,1
abby_road_view.mp4,1901,0
abby_road_view.mp4,5669,0
abby_road_view.mp4,4629,0
abby_road_view.mp4,10,1
abby_road_view.mp4,2155,1
abby_road_view.mp4,3228,1
abby_road_view.mp4,5467,0
abby_road_view.mp4,9382,1
abby_road_view.mp4,3288,1
abby_road_view.mp4,2910,1
abby_road_view.mp4,4542,0
abby_road_view.mp4,7891,1
abby_road_view.mp4,1987,0
abby_road_view.mp4,9641,0
abby_road_view.mp4,6697,1
abby_road_view.mp4,609,0
abby_road_view.mp4,9426,0
abby_road_view.mp4,3976,0
abby_road_view.mp4,7261,1
abby_road_view.mp4,9482,0
abby_road_view.mp4,4409,0
abby_road_view.mp4,5073,0
street_view.mp4,4852,0
street_view.mp4,2202,1
street_view.mp4,4896,0
street_view.mp4,1074,0
street_view.mp4,7170,1
street_view.mp4,5226,1
street_view.mp4,2520,0
street_view.mp4,5437,0
street_view.mp4,5154,1
street_view.mp4,6631,1
street_view.mp4,4501,1
street_view.mp4,4993,1
street_view.mp4,2034,1
street_view.mp4,6140,0
street_view.mp4,6227,0
street_view.mp4,3726,0
street_view.mp4,7823,1
street_view.mp4,5409,0
street_view.mp4,894,0
street_view.mp4,5516,1
street_view.mp4,1322,0
street_view.mp4,786,0
street_view.mp4,2030,1
street_view.mp4,1558,1
street_view.mp4,8027,1
street_view.mp4,3114,0
street_view.mp4,2597,1
street_view.mp4,2169,1
street_view.mp4,7050,0
street_view.mp4,4167,1
street_view.mp4,3237,0
street_view.mp4,137,0
street_view.mp4,0,0
street_view.mp4,6601,1
street_view.mp4,3453,0
street_view.mp4,149,0
street_view.mp4,6815,0
street_view.mp4,5047,1
street_view.mp4,8129,0
street_view.mp4,4470,1
street_view.mp4,1466,1
street_view.mp4,5806,0
street_view.mp4,61,0
street_view.mp4,3474,0
street_view.mp4,1902,1
street_view.mp4,5654,0
street_view.mp4,8595,0
street_view.mp4,7107,1
street_view.mp4,1575,1
street_view.mp4,2742,1
street_view.mp4,8686,0
street_view.mp4,2933,1
street_view.mp4,9097,0
street_view.mp4,7518,1
street_view.mp4,3894,1
street_view.mp4,7877,1
street_view.mp4,1451,1
street_view.mp4,7368,1
street_view.mp4,6520,1
street_view.mp4,9107,0
street_view.mp4,6278,0
street_view.mp4,427,0
street_view.mp4,7542,1
street_view.mp4,2934,1
street_view.mp4,2182,1
street_view.mp4,6081,0
street_view.mp4,7976,1
street_view.mp4,1295,0
street_view.mp4,6987,1
street_view.mp4,7218,1
street_view.mp4,4872,0
street_view.mp4,8435,0
street_view.mp4,6142,0
street_view.mp4,4462,1
street_view.mp4,2965,1
street_view.mp4,3999,1
street_view.mp4,2353,1
street_view.mp4,2118,1
street_view.mp4,6853,0
street_view.mp4,1680,1
street_view.mp4,5670,0
street_view.mp4,9015,0
street_view.mp4,6585,1
street_view.mp4,6951,0
street_view.mp4,5622,0
street_view.mp4,6819,0
street_view.mp4,5342,0
street_view.mp4,6966,0
street_view.mp4,6662,1
street_view.mp4,5603,1
street_view.mp4,275,0
street_view.mp4,4985,1
street_view.mp4,6690,1
street_view.mp4,6306,0
street_view.mp4,6448,1
street_view.mp4,2689,1
street_view.mp4,2506,0
street_view.mp4,5745,0
street_view.mp4,1742,1
street_view.mp4,9021,0
street_view.mp4,6509,1
street_view.mp4,7639,1
street_view.mp4,6812,0
street_view.mp4,3470,0
street_view.mp4,2052,1
street_view.mp4,2478,0
street_view.mp4,379,0
street_view.mp4,1069,1
street_view.mp4,6182,0
street_view.mp4,6998,0
street_view.mp4,3967,1
street_view.mp4,3422,0
street_view.mp4,1772,1
street_view.mp4,2872,1
street_view.mp4,7475,1
street_view.mp4,3762,0
street_view.mp4,1619,1
street_view.mp4,7182,1
street_view.mp4,3651,1
street_view.mp4,7929,1
street_view.mp4,4794,0
street_view.mp4,5797,0
street_view.mp4,5908,0
street_view.mp4,6107,0
street_view.mp4,5454,1
street_view.mp4,8118,1
street_view.mp4,8869,0
street_view.mp4,738,1
street_view.mp4,6486,1
street_view.mp4,3601,1
street_view.mp4,6051,0
street_view.mp4,7290,1
street_view.mp4,8548,0
street_view.mp4,6906,0
street_view.mp4,798,0
street_view.mp4,282,0
street_view.mp4,1925,1
street_view.mp4,4859,1
street_view.mp4,1494,1
street_view.mp4,2002,1
street_view.mp4,8167,1
street_view.mp4,810,1
street_view.mp4,6754,1
street_view.mp4,5317,1
street_view.mp4,2287,1
street_view.mp4,8862,0
street_view.mp4,3911,1
street_view.mp4,540,0
street_view.mp4,8464,0
street_view.mp4,6293,0
street_view.mp4,3484,0
street_view.mp4,760,1
street_view.mp4,6320,0
street_view.mp4,1086,0
street_view.mp4,7711,1
street_view.mp4,2720,1
street_view.mp4,3117,0
street_view.mp4,4003,1
street_view.mp4,3300,0
street_view.mp4,8068,1
street_view.mp4,4441,1
street_view.mp4,1179,1
street_view.mp4,5272,1
street_view.mp4,947,0
street_view.mp4,2754,1
street_view.mp4,10,0
street_view.mp4,5804,0
street_view.mp4,5440,1
street_view.mp4,5684,0
street_view.mp4,3427,0
street_view.mp4,3222,0
street_view.mp4,5470,1
street_view.mp4,990,0
street_view.mp4,1972,1
street_view.mp4,916,0
street_view.mp4,7946,1
street_view.mp4,6937,0
street_view.mp4,4933,0
street_view.mp4,1307,0
street_view.mp4,2418,1
street_view.mp4,213,0
street_view.mp4,4734,1
street_view.mp4,8266,1
street_view.mp4,5348,1
street_view.mp4,8098,1
street_view.mp4,5658,0
street_view.mp4,2826,1
street_view.mp4,2475,0
street_view.mp4,4614,1
street_view.mp4,8740,0
street_view.mp4,7354,1
street_view.mp4,6076,0
street_view.mp4,2886,1
street_view.mp4,6771,1
street_view.mp4,244,0
street_view.mp4,8557,0
street_view.mp4,3535,1
street_view.mp4,2322,1
street_view.mp4,7194,1
street_view.mp4,4931,0
street_view.mp4,6642,1
street_view.mp4,9105,0
street_view.mp4,5256,1
street_view.mp4,152,1
street_view.mp4,8832,0
street_view.mp4,1589,1
street_view.mp4,6319,0
street_view.mp4,6570,1
street_view.mp4,8532,0
street_view.mp4,8056,1
street_view.mp4,6462,1
street_view.mp4,5406,0
street_view.mp4,5164,1
street_view.mp4,733,1
street_view.mp4,7674,1
street_view.mp4,1514,1
street_view.mp4,4889,1
street_view.mp4,8451,0
street_view.mp4,2930,1
street_view.mp4,4951,0
street_view.mp4,2139,1
street_view.mp4,7915,1
street_view.mp4,6428,1
street_view.mp4,8418,0
street_view.mp4,8390,0
street_view.mp4,8373,0
street_view.mp4,3954,1
street_view.mp4,791,1
street_view.mp4,4974,1
street_view.mp4,446,0
street_view.mp4,8490,0
street_view.mp4,4815,0
street_view.mp4,7513,1
street_view.mp4,4828,0
street_view.mp4,1212,1
street_view.mp4,8219,1
street_view.mp4,5727,0
street_view.mp4,2177,1
street_view.mp4,6246,0
street_view.mp4,5898,0
street_view.mp4,8619,0
street_view.mp4,6975,0
street_view.mp4,8543,0
street_view.mp4,2200,1
street_view.mp4,6723,1
street_view.mp4,4064,1
street_view.mp4,3738,0
street_view.mp4,1130,1
street_view.mp4,7334,1
street_view.mp4,7830,1
street_view.mp4,7350,1
street_view.mp4,113,0
street_view.mp4,4706,1
street_view.mp4,2214,1
street_view.mp4,4747,1
street_view.mp4,1864,1
street_view.mp4,3006,1
street_view.mp4,2444,1
street_view.mp4,2842,1
street_view.mp4,2283,1
street_view.mp4,384,0
street_view.mp4,4866,1
street_view.mp4,5042,1
street_view.mp4,2226,1
street_view.mp4,3820,1
street_view.mp4,4641,1
street_view.mp4,2883,1
street_view.mp4,8550,0
street_view.mp4,2761,1
street_view.mp4,5920,0
street_view.mp4,4995,1
street_view.mp4,7974,1
street_view.mp4,3575,1
street_view.mp4,4023,1
street_view.mp4,4303,1
street_view.mp4,4172,1
street_view.mp4,6356,0
street_view.mp4,1314,0
street_view.mp4,3121,0
street_view.mp4,44,0
street_view.mp4,4799,0
street_view.mp4,4553,1
street_view.mp4,8125,1
street_view.mp4,8598,0
street_view.mp4,6611,1
street_view.mp4,3759,0
street_view.mp4,7701,1
street_view.mp4,2414,1
street_view.mp4,4920,0
street_view.mp4,6784,1
street_view.mp4,1833,1
street_view.mp4,5370,0
street_view.mp4,2622,1
street_view.mp4,366,0
street_view.mp4,2,0
street_view.mp4,3308,0
street_view.mp4,8262,1
street_view.mp4,1795,1
street_view.mp4,5416,0
street_view.mp4,2628,1
street_view.mp4,4370,1
street_view.mp4,8932,0
street_view.mp4,8989,0
street_view.mp4,4125,1
street_view.mp4,3086,1
street_view.mp4,4565,1
street_view.mp4,336,0
street_view.mp4,450,1
street_view.mp4,1458,1
street_view.mp4,2017,1
street_view.mp4,7702,1
street_view.mp4,7609,1
street_view.mp4,2261,1
street_view.mp4,8287,1
street_view.mp4,4492,1
street_view.mp4,2953,1
street_view.mp4,7913,1
street_view.mp4,7579,1
street_view.mp4,4887,1
street_view.mp4,4338,1
street_view.mp4,6387,0
street_view.mp4,5886,0
street_view.mp4,5000,1
street_view.mp4,7457,1
street_view.mp4,3258,0
street_view.mp4,8649,0
street_view.mp4,8498,0
street_view.mp4,2310,1
street_view.mp4,4190,1
street_view.mp4,4186,1
street_view.mp4,4431,1
street_view.mp4,5082,1
street_view.mp4,8954,0
street_view.mp4,2494,0
street_view.mp4,7232,1
street_view.mp4,1758,1
street_view.mp4,4961,0
street_view.mp4,2292,1
street_view.mp4,2047,1
street_view.mp4,3850,1
street_view.mp4,7884,1
street_view.mp4,3125,0
street_view.mp4,1319,0
street_view.mp4,256,0
street_view.mp4,8955,0
street_view.mp4,5559,0
street_view.mp4,1405,1
street_view.mp4,2391,1
street_view.mp4,6786,1
street_view.mp4,1135,1
street_view.mp4,825,0
street_view.mp4,3306,0
street_view.mp4,8403,1
street_view.mp4,6903,0
street_view.mp4,6890,0
street_view.mp4,1191,1
street_view.mp4,2575,1
street_view.mp4,445,0
street_view.mp4,5959,0
street_view.mp4,7447,1
street_view.mp4,3881,1
street_view.mp4,7688,1
street_view.mp4,7120,1
street_view.mp4,8226,1
street_view.mp4,6333,0
street_view.mp4,7029,0
street_view.mp4,4156,1
street_view.mp4,3857,1
street_view.mp4,6377,0
street_view.mp4,8801,0
street_view.mp4,2778,1
street_view.mp4,1375,0
street_view.mp4,6296,0
street_view.mp4,6222,0
street_view.mp4,8058,1
street_view.mp4,5501,1
street_view.mp4,2532,0
street_view.mp4,2130,1
street_view.mp4,6844,0
street_view.mp4,3594,1
street_view.mp4,1597,1
street_view.mp4,6665,1
street_view.mp4,6173,0
street_view.mp4,4339,1
street_view.mp4,672,0
street_view.mp4,2781,1
street_view.mp4,8254,1
street_view.mp4,4185,1
street_view.mp4,1492,1
street_view.mp4,8247,1
street_view.mp4,341,0
street_view.mp4,2750,1
street_view.mp4,3147,0
street_view.mp4,6150,0
street_view.mp4,3329,0
street_view.mp4,5891,0
street_view.mp4,339,0
street_view.mp4,7800,1
street_view.mp4,1005,0
street_view.mp4,2453,1
street_view.mp4,5595,0
street_view.mp4,3545,1
street_view.mp4,7365,1
street_view.mp4,409,0
street_view.mp4,5592,1
street_view.mp4,7984,1
street_view.mp4,9116,0
street_view.mp4,8142,1
street_view.mp4,8946,0
street_view.mp4,1554,1
street_view.mp4,3728,0
street_view.mp4,8202,1
street_view.mp4,4716,1
street_view.mp4,6900,0
street_view.mp4,1382,0
street_view.mp4,6580,1
street_view.mp4,4209,1
street_view.mp4,7086,1
street_view.mp4,7291,1
street_view.mp4,4110,1
street_view.mp4,3186,0
street_view.mp4,5883,0
street_view.mp4,5623,0
street_view.mp4,8766,0
street_view.mp4,4523,1
street_view.mp4,3179,0
street_view.mp4,6295,0
street_view.mp4,3174,0
street_view.mp4,6968,0
street_view.mp4,8258,1
street_view.mp4,3606,1
street_view.mp4,886,0
street_view.mp4,4623,1
street_view.mp4,8334,1
street_view.mp4,8610,0
street_view.mp4,2005,1
street_view.mp4,3208,0
street_view.mp4,3433,0
street_view.mp4,7151,1
street_view.mp4,1770,1
street_view.mp4,3501,0
street_view.mp4,7230,1
street_view.mp4,9125,0
street_view.mp4,2945,1
street_view.mp4,7608,1
street_view.mp4,11,0
street_view.mp4,4878,1
street_view.mp4,2297,1
street_view.mp4,6331,0
street_view.mp4,1615,1
street_view.mp4,5708,0
street_view.mp4,2567,1
street_view.mp4,4314,1
street_view.mp4,7243,1
street_view.mp4,305,0
street_view.mp4,4941,0
street_view.mp4,8472,0
street_view.mp4,458,1
street_view.mp4,1803,1
street_view.mp4,2430,1
street_view.mp4,1909,1
street_view.mp4,91,0
street_view.mp4,4913,1
street_view.mp4,1222,1
street_view.mp4,9076,0
street_view.mp4,2046,1
street_view.mp4,1459,1
street_view.mp4,2958,1
street_view.mp4,3234,0
street_view.mp4,6693,1
street_view.mp4,1038,0
street_view.mp4,8190,1
street_view.mp4,1266,0
street_view.mp4,2190,1
street_view.mp4,5524,1
street_view.mp4,3587,1
street_view.mp4,6540,1
street_view.mp4,6116,0
street_view.mp4,7671,1
street_view.mp4,855,1
street_view.mp4,8496,0
street_view.mp4,3876,1
street_view.mp4,9138,0
street_view.mp4,875,0
street_view.mp4,4675,1
street_view.mp4,360,0
street_view.mp4,1650,1
street_view.mp4,1926,1
street_view.mp4,2057,1
street_view.mp4,8274,1
street_view.mp4,8885,0
street_view.mp4,5198,1
street_view.mp4,3168,0
street_view.mp4,6326,0
street_view.mp4,7762,1
street_view.mp4,4095,1
street_view.mp4,1410,1
street_view.mp4,6565,1
street_view.mp4,4521,1
street_view.mp4,1806,1
street_view.mp4,7192,1
street_view.mp4,1940,1
street_view.mp4,6045,0
street_view.mp4,7886,1
street_view.mp4,7793,1
street_view.mp4,3239,0
street_view.mp4,4567,1
street_view.mp4,2487,1
street_view.mp4,610,0
street_view.mp4,4958,0
street_view.mp4,5531,1
street_view.mp4,4690,1
street_view.mp4,5923,0
street_view.mp4,9126,1
street_view.mp4,8465,0
street_view.mp4,8463,0
street_view.mp4,4038,1
street_view.mp4,4153,1
street_view.mp4,8415,1
street_view.mp4,7590,1
street_view.mp4,6112,0
street_view.mp4,1161,0
street_view.mp4,7709,1
street_view.mp4,5867,0
street_view.mp4,8788,0
street_view.mp4,4141,1
street_view.mp4,435,0
street_view.mp4,4584,1
street_view.mp4,1769,1
street_view.mp4,1550,1
street_view.mp4,695,0
street_view.mp4,4,0
street_view.mp4,5715,0
street_view.mp4,1497,1
street_view.mp4,4218,1
street_view.mp4,1947,1
street_view.mp4,1894,1
street_view.mp4,7487,1
street_view.mp4,3060,1
street_view.mp4,1127,1
street_view.mp4,2995,1
street_view.mp4,7362,1
street_view.mp4,3942,1
street_view.mp4,5130,1
street_view.mp4,8587,0
street_view.mp4,1326,0
street_view.mp4,6240,0
street_view.mp4,6417,0
street_view.mp4,9131,1
street_view.mp4,5333,0
street_view.mp4,8370,0
street_view.mp4,4645,1
street_view.mp4,2536,0
street_view.mp4,4362,1
street_view.mp4,7655,1
street_view.mp4,4737,1
street_view.mp4,5837,0
street_view.mp4,9090,0
street_view.mp4,4816,0
street_view.mp4,8084,1
street_view.mp4,6988,0
street_view.mp4,2617,1
street_view.mp4,4954,0
street_view.mp4,5427,1
street_view.mp4,7866,1
street_view.mp4,8693,0
street_view.mp4,3667,0
street_view.mp4,797,1
street_view.mp4,8362,0
street_view.mp4,580,0
street_view.mp4,8090,1
street_view.mp4,1528,1
street_view.mp4,488,1
street_view.mp4,4582,1
street_view.mp4,7854,1
street_view.mp4,6739,1
street_view.mp4,3662,1
street_view.mp4,3551,1
street_view.mp4,1101,0
street_view.mp4,2634,1
street_view.mp4,3958,1
street_view.mp4,6161,0
street_view.mp4,160,1
street_view.mp4,3690,0
street_view.mp4,4021,1
street_view.mp4,8514,0
street_view.mp4,7054,0
street_view.mp4,201,1
street_view.mp4,7509,1
street_view.mp4,3719,0
street_view.mp4,2903,1
street_view.mp4,3697,0
street_view.mp4,2280,1
street_view.mp4,4686,1
street_view.mp4,1141,0
street_view.mp4,2862,1
street_view.mp4,5821,0
street_view.mp4,2158,1
street_view.mp4,8282,1
street_view.mp4,4387,1
street_view.mp4,4832,0
street_view.mp4,5716,0
street_view.mp4,3361,0
street_view.mp4,3561,1
street_view.mp4,2595,1
street_view.mp4,4206,1
street_view.mp4,2078,1
street_view.mp4,67,0
street_view.mp4,383,0
street_view.mp4,2787,1
street_view.mp4,6102,0
street_view.mp4,181,1
street_view.mp4,611,0
street_view.mp4,780,0
street_view.mp4,1660,1
street_view.mp4,4981,1
street_view.mp4,6621,1
street_view.mp4,3350,0
street_view.mp4,7002,0
street_view.mp4,6234,0
street_view.mp4,4802,0
street_view.mp4,4248,1
street_view.mp4,3636,1
street_view.mp4,5489,1
street_view.mp4,3514,0
street_view.mp4,6495,1
street_view.mp4,5899,0
street_view.mp4,1059,0
street_view.mp4,6243,0
street_view.mp4,3907,1
street_view.mp4,2056,1
street_view.mp4,8037,1
street_view.mp4,8561,0
street_view.mp4,5866,0
street_view.mp4,6876,0
street_view.mp4,5103,1
street_view.mp4,4085,1
street_view.mp4,7710,1
street_view.mp4,9046,0
street_view.mp4,1308,0
street_view.mp4,8526,0
street_view.mp4,764,1
street_view.mp4,1973,1
street_view.mp4,5900,0
street_view.mp4,8113,1
street_view.mp4,3294,0
street_view.mp4,2438,1
street_view.mp4,322,0
street_view.mp4,2658,1
street_view.mp4,4767,0
street_view.mp4,6438,1
street_view.mp4,4918,0
street_view.mp4,4230,1
street_view.mp4,1253,0
street_view.mp4,8771,0
street_view.mp4,7548,1
street_view.mp4,215,0
street_view.mp4,1711,1
street_view.mp4,3178,0
street_view.mp4,1124,1
street_view.mp4,1638,1
street_view.mp4,8160,1
street_view.mp4,3591,1
street_view.mp4,8007,1
street_view.mp4,619,0
street_view.mp4,12,0
street_view.mp4,617,0
street_view.mp4,7359,1
street_view.mp4,7180,1
street_view.mp4,8298,1
street_view.mp4,5990,0
street_view.mp4,3973,1
street_view.mp4,5390,0
street_view.mp4,5665,0
street_view.mp4,7640,1
street_view.mp4,6204,0
street_view.mp4,397,0
street_view.mp4,16,0
street_view.mp4,7540,1
street_view.mp4,763,1
street_view.mp4,1387,0
street_view.mp4,4101,1
street_view.mp4,4976,1
street_view.mp4,4601,1
street_view.mp4,7468,1
street_view.mp4,2811,1
street_view.mp4,7059,0
street_view.mp4,7121,1
street_view.mp4,2058,1
street_view.mp4,8343,1
street_view.mp4,7395,1
street_view.mp4,5635,0
street_view.mp4,4097,0
street_view.mp4,6437,1
street_view.mp4,1062,0
street_view.mp4,6341,0
street_view.mp4,1950,1
street_view.mp4,2108,1
street_view.mp4,55,0
street_view.mp4,6918,0
street_view.mp4,871,0
street_view.mp4,1011,0
street_view.mp4,1986,1
street_view.mp4,3270,0
street_view.mp4,3056,1
street_view.mp4,7273,1
street_view.mp4,4286,1
street_view.mp4,5195,1
street_view.mp4,1100,0
street_view.mp4,1344,0
street_view.mp4,7430,1
street_view.mp4,2383,1
street_view.mp4,9134,0
street_view.mp4,3078,1
street_view.mp4,2300,1
street_view.mp4,7449,1
street_view.mp4,1532,1
street_view.mp4,5562,1
street_view.mp4,4309,1
street_view.mp4,1436,1
street_view.mp4,6942,0
street_view.mp4,8850,0
street_view.mp4,7732,1
street_view.mp4,3215,0
street_view.mp4,1914,1
street_view.mp4,1283,0
street_view.mp4,2500,0
street_view.mp4,6969,0
street_view.mp4,8143,1
street_view.mp4,7174,1
street_view.mp4,7926,1
street_view.mp4,3150,0
street_view.mp4,8802,0
street_view.mp4,6990,0
street_view.mp4,7062,0
street_view.mp4,702,0
street_view.mp4,2166,1
street_view.mp4,3414,0
street_view.mp4,1951,1
street_view.mp4,5134,1
street_view.mp4,7839,1
street_view.mp4,2225,1
street_view.mp4,3392,0
street_view.mp4,6302,0
street_view.mp4,1485,1
street_view.mp4,8783,0
street_view.mp4,1901,1
street_view.mp4,5106,0
street_view.mp4,7938,1
street_view.mp4,3858,1
street_view.mp4,1890,1
street_view.mp4,6235,0
street_view.mp4,8198,1
street_view.mp4,4875,1
street_view.mp4,7426,1
street_view.mp4,5012,1
street_view.mp4,913,0
street_view.mp4,8466,0
street_view.mp4,4386,1
street_view.mp4,6678,1
street_view.mp4,8404,1
street_view.mp4,3318,0
street_view.mp4,3789,0
street_view.mp4,8251,1
street_view.mp4,5929,0
street_view.mp4,3331,0
street_view.mp4,4959,0
street_view.mp4,3630,1
street_view.mp4,5688,0
street_view.mp4,8679,0
street_view.mp4,8454,0
street_view.mp4,8893,0
street_view.mp4,8592,0
street_view.mp4,8312,1
street_view.mp4,2694,1
street_view.mp4,6276,0
street_view.mp4,4956,0
street_view.mp4,6265,0
street_view.mp4,1730,1
street_view.mp4,8381,0
street_view.mp4,7032,0
street_view.mp4,1955,1
street_view.mp4,6491,1
street_view.mp4,8754,0
street_view.mp4,5375,0
street_view.mp4,1008,0
street_view.mp4,6266,0
street_view.mp4,7753,1
street_view.mp4,7643,1
street_view.mp4,6229,0
street_view.mp4,1039,0
street_view.mp4,351,0
street_view.mp4,325,0
street_view.mp4,4380,1
street_view.mp4,30,0
street_view.mp4,5776,0
street_view.mp4,1873,1
street_view.mp4,1446,1
street_view.mp4,4984,1
street_view.mp4,6174,0
street_view.mp4,8618,0
street_view.mp4,977,0
street_view.mp4,6908,0
street_view.mp4,500,1
street_view.mp4,5653,0
street_view.mp4,4034,1
street_view.mp4,7124,1
street_view.mp4,2154,1
street_view.mp4,6314,0
street_view.mp4,5287,1
street_view.mp4,8221,1
street_view.mp4,2586,1
street_view.mp4,8710,0
street_view.mp4,4456,1
street_view.mp4,4400,1
street_view.mp4,6479,1
street_view.mp4,5479,1
street_view.mp4,954,0
street_view.mp4,6020,0
street_view.mp4,3025,1
street_view.mp4,5450,1
street_view.mp4,2513,0
street_view.mp4,140,0
street_view.mp4,122,0
street_view.mp4,4818,0
street_view.mp4,2231,1
street_view.mp4,5354,1
street_view.mp4,5927,0
street_view.mp4,6845,0
street_view.mp4,3522,1
street_view.mp4,4798,0
street_view.mp4,4797,0
street_view.mp4,242,0
street_view.mp4,7728,1
street_view.mp4,4278,1
street_view.mp4,3861,1
street_view.mp4,4934,0
street_view.mp4,2964,1
street_view.mp4,5185,1
street_view.mp4,4001,1
street_view.mp4,7304,1
street_view.mp4,1513,1
street_view.mp4,3745,0
street_view.mp4,7090,1
street_view.mp4,2763,1
street_view.mp4,7646,1
street_view.mp4,7212,1
street_view.mp4,4026,1
street_view.mp4,6978,0
street_view.mp4,641,0
street_view.mp4,5975,0
street_view.mp4,2910,1
street_view.mp4,794,0
street_view.mp4,1170,0
street_view.mp4,1419,1
street_view.mp4,8842,0
street_view.mp4,53,0
street_view.mp4,2693,1
street_view.mp4,5378,0
street_view.mp4,2550,0
street_view.mp4,7142,1
street_view.mp4,542,1
street_view.mp4,26,0
street_view.mp4,4879,0
street_view.mp4,8924,0
street_view.mp4,8680,0
street_view.mp4,5585,1
street_view.mp4,4217,1
street_view.mp4,4361,1
street_view.mp4,6467,1
street_view.mp4,4018,1
street_view.mp4,7393,1
street_view.mp4,4578,1
street_view.mp4,519,0
street_view.mp4,5073,1
street_view.mp4,183,1
street_view.mp4,6607,1
street_view.mp4,8985,0
street_view.mp4,390,0
street_view.mp4,5634,0
street_view.mp4,1656,1
street_view.mp4,4384,1
street_view.mp4,5792,0
street_view.mp4,2000,1
street_view.mp4,7614,1
street_view.mp4,550,1
street_view.mp4,6881,0
superland_parking_view.mp4,15547,1
superland_parking_view.mp4,1401,1
superland_parking_view.mp4,744,0
superland_parking_view.mp4,16766,1
superland_parking_view.mp4,4810,1
superland_parking_view.mp4,1224,0
superland_parking_view.mp4,3750,1
superland_parking_view.mp4,4572,1
superland_parking_view.mp4,629,0
superland_parking_view.mp4,16479,1
superland_parking_view.mp4,12486,1
superland_parking_view.mp4,15124,1
superland_parking_view.mp4,21454,0
superland_parking_view.mp4,9046,1
superland_parking_view.mp4,3632,1
superland_parking_view.mp4,31330,1
superland_parking_view.mp4,4890,1
superland_parking_view.mp4,15773,1
superland_parking_view.mp4,10329,1
superland_parking_view.mp4,4607,1
superland_parking_view.mp4,15429,1
superland_parking_view.mp4,19070,0
superland_parking_view.mp4,26562,0
superland_parking_view.mp4,33941,1
superland_parking_view.mp4,888,0
superland_parking_view.mp4,9067,1
superland_parking_view.mp4,14828,1
superland_parking_view.mp4,18048,0
superland_parking_view.mp4,11278,1
superland_parking_view.mp4,13217,1
superland_parking_view.mp4,6319,1
superland_parking_view.mp4,5561,1
superland_parking_view.mp4,14830,1
superland_parking_view.mp4,14527,1
superland_parking_view.mp4,7192,0
superland_parking_view.mp4,6115,1
superland_parking_view.mp4,6016,1
superland_parking_view.mp4,6801,1
superland_parking_view.mp4,27243,0
superland_parking_view.mp4,8291,1
superland_parking_view.mp4,8821,1
superland_parking_view.mp4,5335,1
superland_parking_view.mp4,8623,1
superland_parking_view.mp4,12158,1
superland_parking_view.mp4,18162,0
superland_parking_view.mp4,15749,1
superland_parking_view.mp4,11813,1
superland_parking_view.mp4,8411,1
superland_parking_view.mp4,17140,1
superland_parking_view.mp4,14954,1
superland_parking_view.mp4,15015,1
superland_parking_view.mp4,11379,1
superland_parking_view.mp4,11251,1
superland_parking_view.mp4,12843,1
superland_parking_view.mp4,15097,1
superland_parking_view.mp4,30535,1
superland_parking_view.mp4,8677,1
superland_parking_view.mp4,7325,0
superland_parking_view.mp4,8718,1
superland_parking_view.mp4,9081,1
superland_parking_view.mp4,7833,1
superland_parking_view.mp4,26449,0
superland_parking_view.mp4,7979,1
superland_parking_view.mp4,8180,1
superland_parking_view.mp4,15211,1
superland_parking_view.mp4,9944,1
superland_parking_view.mp4,9331,1
superland_parking_view.mp4,20546,0
superland_parking_view.mp4,2011,1
superland_parking_view.mp4,22248,0
superland_parking_view.mp4,23838,0
superland_parking_view.mp4,28378,0
superland_parking_view.mp4,10968,1
superland_parking_view.mp4,10986,1
superland_parking_view.mp4,7719,1
superland_parking_view.mp4,1868,1
superland_parking_view.mp4,9643,1
superland_parking_view.mp4,7310,0
superland_parking_view.mp4,11010,1
superland_parking_view.mp4,3328,1
superland_parking_view.mp4,3444,1
superland_parking_view.mp4,17935,1
superland_parking_view.mp4,24973,0
superland_parking_view.mp4,31897,1
superland_parking_view.mp4,10267,1
superland_parking_view.mp4,12713,1
superland_parking_view.mp4,8884,1
superland_parking_view.mp4,681,0
superland_parking_view.mp4,8234,1
superland_parking_view.mp4,6810,1
superland_parking_view.mp4,807,0
superland_parking_view.mp4,0,0
superland_parking_view.mp4,16573,1
superland_parking_view.mp4,14947,1
superland_parking_view.mp4,7605,1
superland_parking_view.mp4,30308,0
superland_parking_view.mp4,28832,0
superland_parking_view.mp4,8717,1
superland_parking_view.mp4,17027,1
superland_parking_view.mp4,8120,1
superland_parking_view.mp4,12922,1
superland_parking_view.mp4,14643,1
superland_parking_view.mp4,1153,0
superland_parking_view.mp4,24519,0
superland_parking_view.mp4,317,0
superland_parking_view.mp4,4654,1
superland_parking_view.mp4,11515,1
superland_parking_view.mp4,10485,1
superland_parking_view.mp4,12883,1
superland_parking_view.mp4,29286,0
superland_parking_view.mp4,6198,1
superland_parking_view.mp4,13486,1
superland_parking_view.mp4,797,0
superland_parking_view.mp4,11561,1
superland_parking_view.mp4,4277,1
superland_parking_view.mp4,2469,1
superland_parking_view.mp4,21113,0
superland_parking_view.mp4,4427,1
superland_parking_view.mp4,8740,1
superland_parking_view.mp4,13192,1
superland_parking_view.mp4,5108,1
superland_parking_view.mp4,26789,0
superland_parking_view.mp4,2497,1
superland_parking_view.mp4,12032,1
superland_parking_view.mp4,1978,1
superland_parking_view.mp4,5814,1
superland_parking_view.mp4,2023,1
superland_parking_view.mp4,9235,1
superland_parking_view.mp4,12331,1
superland_parking_view.mp4,2270,1
superland_parking_view.mp4,430,0
superland_parking_view.mp4,13442,1
superland_parking_view.mp4,9157,1
superland_parking_view.mp4,23270,0
superland_parking_view.mp4,16674,1
superland_parking_view.mp4,18957,0
superland_parking_view.mp4,23951,0
superland_parking_view.mp4,9423,1
superland_parking_view.mp4,3620,1
superland_parking_view.mp4,8323,1
superland_parking_view.mp4,630,0
superland_parking_view.mp4,7037,1
superland_parking_view.mp4,10849,1
superland_parking_view.mp4,11351,1
superland_parking_view.mp4,15665,1
superland_parking_view.mp4,29967,0
superland_parking_view.mp4,6529,1
superland_parking_view.mp4,8400,1
superland_parking_view.mp4,20092,0
superland_parking_view.mp4,6556,1
superland_parking_view.mp4,16953,1
superland_parking_view.mp4,22589,0
superland_parking_view.mp4,13693,1
superland_parking_view.mp4,12775,1
superland_parking_view.mp4,2772,1
superland_parking_view.mp4,15408,1
superland_parking_view.mp4,4561,1
superland_parking_view.mp4,16890,1
superland_parking_view.mp4,9260,1
superland_parking_view.mp4,11464,1
superland_parking_view.mp4,1496,1
superland_parking_view.mp4,6127,1
superland_parking_view.mp4,14503,1
superland_parking_view.mp4,4551,1
superland_parking_view.mp4,6830,1
superland_parking_view.mp4,11354,1
superland_parking_view.mp4,20319,0
superland_parking_view.mp4,1102,1
superland_parking_view.mp4,14018,1
superland_parking_view.mp4,2619,1
superland_parking_view.mp4,13436,1
superland_parking_view.mp4,10752,1
superland_parking_view.mp4,27016,0
superland_parking_view.mp4,4917,1
superland_parking_view.mp4,6955,1
superland_parking_view.mp4,396,0
superland_parking_view.mp4,13495,1
superland_parking_view.mp4,4712,1
superland_parking_view.mp4,6914,1
superland_parking_view.mp4,13881,1
superland_parking_view.mp4,3552,1
superland_parking_view.mp4,13621,1
superland_parking_view.mp4,15373,1
superland_parking_view.mp4,10663,1
superland_parking_view.mp4,12406,1
superland_parking_view.mp4,9894,1
superland_parking_view.mp4,10102,1
superland_parking_view.mp4,2687,1
superland_parking_view.mp4,11578,1
superland_parking_view.mp4,16244,0
superland_parking_view.mp4,220,0
superland_parking_view.mp4,19524,0
superland_parking_view.mp4,20659,0
superland_parking_view.mp4,12747,1
superland_parking_view.mp4,11805,1
superland_parking_view.mp4,14105,1
superland_parking_view.mp4,15283,1
superland_parking_view.mp4,876,0
superland_parking_view.mp4,9847,1
superland_parking_view.mp4,10816,1
superland_parking_view.mp4,10369,1
superland_parking_view.mp4,10327,1
superland_parking_view.mp4,13458,1
superland_parking_view.mp4,8210,1
superland_parking_view.mp4,15740,1
superland_parking_view.mp4,1632,1
superland_parking_view.mp4,5902,1
superland_parking_view.mp4,17708,1
superland_parking_view.mp4,12149,1
superland_parking_view.mp4,13201,1
superland_parking_view.mp4,1589,1
superland_parking_view.mp4,4781,1
superland_parking_view.mp4,2973,1
superland_parking_view.mp4,13735,1
superland_parking_view.mp4,6243,1
superland_parking_view.mp4,9655,1
superland_parking_view.mp4,16459,1
superland_parking_view.mp4,9859,1
superland_parking_view.mp4,15337,1
superland_parking_view.mp4,13054,1
superland_parking_view.mp4,5617,1
superland_parking_view.mp4,7519,1
superland_parking_view.mp4,810,0
superland_parking_view.mp4,14875,1
superland_parking_view.mp4,8059,1
superland_parking_view.mp4,12373,1
superland_parking_view.mp4,7795,1
superland_parking_view.mp4,1183,0
superland_parking_view.mp4,3281,1
superland_parking_view.mp4,9653,1
superland_parking_view.mp4,27584,0
superland_parking_view.mp4,16146,1
superland_parking_view.mp4,3702,1
superland_parking_view.mp4,1816,1
superland_parking_view.mp4,234,0
superland_parking_view.mp4,31670,1
superland_parking_view.mp4,3648,1
superland_parking_view.mp4,6049,1
superland_parking_view.mp4,11695,1
superland_parking_view.mp4,9479,1
superland_parking_view.mp4,7495,1
superland_parking_view.mp4,8364,1
superland_parking_view.mp4,13848,1
superland_parking_view.mp4,4862,1
superland_parking_view.mp4,15468,1
superland_parking_view.mp4,15136,1
superland_parking_view.mp4,5130,1
superland_parking_view.mp4,2580,1
superland_parking_view.mp4,30081,0
superland_parking_view.mp4,10350,1
superland_parking_view.mp4,10783,1
superland_parking_view.mp4,1463,1
superland_parking_view.mp4,14756,1
superland_parking_view.mp4,30649,1
superland_parking_view.mp4,4379,1
superland_parking_view.mp4,16758,1
superland_parking_view.mp4,1931,1
superland_parking_view.mp4,19865,0
superland_parking_view.mp4,13589,1
superland_parking_view.mp4,611,0
superland_parking_view.mp4,27697,0
superland_parking_view.mp4,11059,1
superland_parking_view.mp4,3132,1
superland_parking_view.mp4,1547,1
superland_parking_view.mp4,6351,1
superland_parking_view.mp4,3668,1
superland_parking_view.mp4,4200,1
superland_parking_view.mp4,15636,1
superland_parking_view.mp4,28265,0
superland_parking_view.mp4,16883,1
superland_parking_view.mp4,15549,1
superland_parking_view.mp4,14302,1
superland_parking_view.mp4,26335,0
superland_parking_view.mp4,25994,0
superland_parking_view.mp4,1362,1
superland_parking_view.mp4,13394,1
superland_parking_view.mp4,7937,1
superland_parking_view.mp4,5562,1
superland_parking_view.mp4,12940,1
superland_parking_view.mp4,3951,1
superland_parking_view.mp4,16319,0
superland_parking_view.mp4,6203,1
superland_parking_view.mp4,8128,1
superland_parking_view.mp4,1284,1
superland_parking_view.mp4,15349,1
superland_parking_view.mp4,15619,1
superland_parking_view.mp4,12918,1
superland_parking_view.mp4,918,0
superland_parking_view.mp4,2043,1
superland_parking_view.mp4,12942,1
superland_parking_view.mp4,5448,1
superland_parking_view.mp4,453,0
superland_parking_view.mp4,2951,1
superland_parking_view.mp4,4242,1
superland_parking_view.mp4,11528,1
superland_parking_view.mp4,14189,1
superland_parking_view.mp4,10897,1
superland_parking_view.mp4,14917,1
superland_parking_view.mp4,15433,1
superland_parking_view.mp4,15383,1
superland_parking_view.mp4,15763,1
superland_parking_view.mp4,12139,1
superland_parking_view.mp4,23384,0
superland_parking_view.mp4,927,0
superland_parking_view.mp4,16002,1
superland_parking_view.mp4,14581,1
superland_parking_view.mp4,10036,1
superland_parking_view.mp4,4880,1
superland_parking_view.mp4,3518,1
superland_parking_view.mp4,5789,1
superland_parking_view.mp4,9989,1
superland_parking_view.mp4,7879,1
superland_parking_view.mp4,31103,1
superland_parking_view.mp4,13051,1
superland_parking_view.mp4,906,0
superland_parking_view.mp4,4530,1
superland_parking_view.mp4,8491,1
superland_parking_view.mp4,12146,1
superland_parking_view.mp4,4216,1
superland_parking_view.mp4,11719,1
superland_parking_view.mp4,7790,1
superland_parking_view.mp4,14155,1
superland_parking_view.mp4,30195,0
superland_parking_view.mp4,25654,0
superland_parking_view.mp4,21681,0
superland_parking_view.mp4,8179,1
superland_parking_view.mp4,8967,1
superland_parking_view.mp4,32578,1
superland_parking_view.mp4,346,0
superland_parking_view.mp4,27470,0
superland_parking_view.mp4,9762,1
superland_parking_view.mp4,12415,1
superland_parking_view.mp4,8366,1
superland_parking_view.mp4,11156,1
superland_parking_view.mp4,14529,1
superland_parking_view.mp4,11239,1
superland_parking_view.mp4,28492,0
superland_parking_view.mp4,4262,1
superland_parking_view.mp4,7264,0
superland_parking_view.mp4,2513,1
superland_parking_view.mp4,10443,1
superland_parking_view.mp4,1833,1
superland_parking_view.mp4,9535,1
superland_parking_view.mp4,3355,1
superland_parking_view.mp4,13167,1
superland_parking_view.mp4,14046,1
superland_parking_view.mp4,3828,1
superland_parking_view.mp4,26903,0
superland_parking_view.mp4,10362,1
superland_parking_view.mp4,3469,1
superland_parking_view.mp4,4565,1
superland_parking_view.mp4,9013,1
superland_parking_view.mp4,21567,0
superland_parking_view.mp4,4881,1
superland_parking_view.mp4,6355,1
superland_parking_view.mp4,2068,1
superland_parking_view.mp4,10811,1
superland_parking_view.mp4,1969,1
superland_parking_view.mp4,11618,1
superland_parking_view.mp4,1200,0
superland_parking_view.mp4,25540,0
superland_parking_view.mp4,3836,1
superland_parking_view.mp4,9061,1
superland_parking_view.mp4,12469,1
superland_parking_view.mp4,4767,1
superland_parking_view.mp4,22475,0
superland_parking_view.mp4,13941,1
superland_parking_view.mp4,90,0
superland_parking_view.mp4,21227,0
superland_parking_view.mp4,20432,0
superland_parking_view.mp4,13639,1
superland_parking_view.mp4,12463,1
superland_parking_view.mp4,15554,1
superland_parking_view.mp4,33032,1
superland_parking_view.mp4,1681,1
superland_parking_view.mp4,4313,1
superland_parking_view.mp4,27357,0
superland_parking_view.mp4,7151,0
superland_parking_view.mp4,3961,1
superland_parking_view.mp4,16728,1
superland_parking_view.mp4,4971,1
superland_parking_view.mp4,7951,1
superland_parking_view.mp4,30762,0
superland_parking_view.mp4,8513,1
superland_parking_view.mp4,6369,1
superland_parking_view.mp4,2314,1
superland_parking_view.mp4,1932,1
superland_parking_view.mp4,10830,1
superland_parking_view.mp4,6356,1
superland_parking_view.mp4,567,0
superland_parking_view.mp4,8949,1
superland_parking_view.mp4,9308,1
superland_parking_view.mp4,12827,1
superland_parking_view.mp4,32919,1
superland_parking_view.mp4,11391,1
superland_parking_view.mp4,9686,1
superland_parking_view.mp4,9368,1
superland_parking_view.mp4,15404,1
superland_parking_view.mp4,10034,1
superland_parking_view.mp4,16441,1
superland_parking_view.mp4,9684,1
superland_parking_view.mp4,3573,1
superland_parking_view.mp4,6762,1
superland_parking_view.mp4,3368,1
superland_parking_view.mp4,11129,1
superland_parking_view.mp4,10012,1
superland_parking_view.mp4,908,0
superland_parking_view.mp4,16346,0
superland_parking_view.mp4,13238,1
superland_parking_view.mp4,8854,1
superland_parking_view.mp4,16511,1
superland_parking_view.mp4,10303,1
superland_parking_view.mp4,12065,1
superland_parking_view.mp4,2156,1
superland_parking_view.mp4,7447,1
superland_parking_view.mp4,6460,1
superland_parking_view.mp4,8044,1
superland_parking_view.mp4,4351,1
superland_parking_view.mp4,14311,1
superland_parking_view.mp4,15661,1
superland_parking_view.mp4,8914,1
superland_parking_view.mp4,1879,1
superland_parking_view.mp4,2,0
superland_parking_view.mp4,15981,1
superland_parking_view.mp4,14207,1
superland_parking_view.mp4,14298,1
superland_parking_view.mp4,9901,1
superland_parking_view.mp4,7831,1
superland_parking_view.mp4,9783,1
superland_parking_view.mp4,12641,1
superland_parking_view.mp4,23611,0
superland_parking_view.mp4,14512,1
superland_parking_view.mp4,8437,1
superland_parking_view.mp4,11124,1
superland_parking_view.mp4,14172,1
superland_parking_view.mp4,14402,1
superland_parking_view.mp4,16125,1
superland_parking_view.mp4,14691,1
superland_parking_view.mp4,12972,1
superland_parking_view.mp4,32351,1
superland_parking_view.mp4,3504,1
superland_parking_view.mp4,12429,1
superland_parking_view.mp4,13365,1
superland_parking_view.mp4,2212,1
superland_parking_view.mp4,17481,1
superland_parking_view.mp4,28038,0
superland_parking_view.mp4,416,0
superland_parking_view.mp4,24292,0
superland_parking_view.mp4,3399,1
superland_parking_view.mp4,15559,1
superland_parking_view.mp4,15895,1
superland_parking_view.mp4,9057,1
superland_parking_view.mp4,16681,1
superland_parking_view.mp4,12095,1
superland_parking_view.mp4,9997,1
superland_parking_view.mp4,11750,1
superland_parking_view.mp4,113,0
superland_parking_view.mp4,19297,0
superland_parking_view.mp4,5221,1
superland_parking_view.mp4,5484,1
superland_parking_view.mp4,6863,1
superland_parking_view.mp4,18843,0
superland_parking_view.mp4,24746,0
superland_parking_view.mp4,5004,1
superland_parking_view.mp4,7011,1
superland_parking_view.mp4,7745,1
superland_parking_view.mp4,3831,1
superland_parking_view.mp4,27924,0
superland_parking_view.mp4,11040,1
superland_parking_view.mp4,15324,1
superland_parking_view.mp4,8875,1
superland_parking_view.mp4,679,0
superland_parking_view.mp4,6036,1
superland_parking_view.mp4,15204,1
superland_parking_view.mp4,10801,1
superland_parking_view.mp4,7491,1
superland_parking_view.mp4,7711,1
superland_parking_view.mp4,14126,1
superland_parking_view.mp4,30422,1
superland_parking_view.mp4,16845,1
superland_parking_view.mp4,25313,0
superland_parking_view.mp4,9846,1
superland_parking_view.mp4,25086,0
superland_parking_view.mp4,12033,1
superland_parking_view.mp4,3904,1
superland_parking_view.mp4,16232,0
superland_parking_view.mp4,270,0
superland_parking_view.mp4,15201,1
superland_parking_view.mp4,13712,1
superland_parking_view.mp4,1110,0
superland_parking_view.mp4,2820,1
superland_parking_view.mp4,72,0
superland_parking_view.mp4,12045,1
superland_parking_view.mp4,1061,0
superland_parking_view.mp4,19751,0
superland_parking_view.mp4,14426,1
superland_parking_view.mp4,10687,1
superland_parking_view.mp4,14983,1
superland_parking_view.mp4,8166,1
superland_parking_view.mp4,14075,1
superland_parking_view.mp4,13463,1
superland_parking_view.mp4,11465,1
superland_parking_view.mp4,16031,1
superland_parking_view.mp4,1008,0
superland_parking_view.mp4,3048,1
superland_parking_view.mp4,1248,0
superland_parking_view.mp4,23724,0
superland_parking_view.mp4,22703,0
superland_parking_view.mp4,3291,1
superland_parking_view.mp4,1135,0
superland_parking_view.mp4,7207,0
superland_parking_view.mp4,16724,1
superland_parking_view.mp4,5120,1
superland_parking_view.mp4,4413,1
superland_parking_view.mp4,6045,1
superland_parking_view.mp4,2194,1
superland_parking_view.mp4,5070,1
superland_parking_view.mp4,25427,0
superland_parking_view.mp4,13786,1
superland_parking_view.mp4,12696,1
superland_parking_view.mp4,9194,1
superland_parking_view.mp4,2724,1
superland_parking_view.mp4,9493,1
superland_parking_view.mp4,10191,1
superland_parking_view.mp4,10556,1
superland_parking_view.mp4,14651,1
superland_parking_view.mp4,26221,0
superland_parking_view.mp4,32465,1
superland_parking_view.mp4,24632,0
superland_parking_view.mp4,15421,1
superland_parking_view.mp4,412,0
superland_parking_view.mp4,6123,1
superland_parking_view.mp4,24065,0
superland_parking_view.mp4,33486,1
superland_parking_view.mp4,22021,1
superland_parking_view.mp4,33146,1
superland_parking_view.mp4,33713,1
superland_parking_view.mp4,26676,0
superland_parking_view.mp4,7910,1
superland_parking_view.mp4,10609,1
superland_parking_view.mp4,6924,1
superland_parking_view.mp4,15462,1
superland_parking_view.mp4,6573,1
superland_parking_view.mp4,29059,0
superland_parking_view.mp4,12054,1
superland_parking_view.mp4,4843,1
superland_parking_view.mp4,7315,0
superland_parking_view.mp4,11195,1
superland_parking_view.mp4,9875,1
superland_parking_view.mp4,115,0
superland_parking_view.mp4,4540,1
superland_parking_view.mp4,358,0
superland_parking_view.mp4,12029,1
superland_parking_view.mp4,21000,0
superland_parking_view.mp4,5556,1
superland_parking_view.mp4,4086,1
superland_parking_view.mp4,2651,1
superland_parking_view.mp4,11491,1
superland_parking_view.mp4,6101,1
superland_parking_view.mp4,3745,1
superland_parking_view.mp4,12869,1
superland_parking_view.mp4,5784,1
superland_parking_view.mp4,1232,1
superland_parking_view.mp4,19978,0
superland_parking_view.mp4,15455,1
superland_parking_view.mp4,1082,0
superland_parking_view.mp4,14870,1
superland_parking_view.mp4,10351,1
superland_parking_view.mp4,1702,1
superland_parking_view.mp4,15775,1
superland_parking_view.mp4,24178,0
superland_parking_view.mp4,3529,1
superland_parking_view.mp4,15438,1
superland_parking_view.mp4,13281,1
superland_parking_view.mp4,16908,1
superland_parking_view.mp4,12133,1
superland_parking_view.mp4,13670,1
superland_parking_view.mp4,14365,1
superland_parking_view.mp4,15466,1
superland_parking_view.mp4,17254,1
superland_parking_view.mp4,18275,0
superland_parking_view.mp4,1524,1
superland_parking_view.mp4,12577,1
superland_parking_view.mp4,510,0
superland_parking_view.mp4,6551,1
superland_parking_view.mp4,2112,1
superland_parking_view.mp4,1849,1
superland_parking_view.mp4,102,0
superland_parking_view.mp4,2903,1
superland_parking_view.mp4,2082,1
superland_parking_view.mp4,13688,1
superland_parking_view.mp4,8298,1
superland_parking_view.mp4,8988,1
superland_parking_view.mp4,31784,1
superland_parking_view.mp4,13249,1
superland_parking_view.mp4,3405,1
superland_parking_view.mp4,8627,1
superland_parking_view.mp4,8131,1
superland_parking_view.mp4,7378,1
superland_parking_view.mp4,11436,1
superland_parking_view.mp4,23497,0
superland_parking_view.mp4,564,0
superland_parking_view.mp4,8790,1
superland_parking_view.mp4,16920,1
superland_parking_view.mp4,11575,1
superland_parking_view.mp4,2610,1
superland_parking_view.mp4,11919,1
superland_parking_view.mp4,481,0
superland_parking_view.mp4,9210,1
superland_parking_view.mp4,11172,1
superland_parking_view.mp4,11237,1
superland_parking_view.mp4,3673,1
superland_parking_view.mp4,12247,1
superland_parking_view.mp4,8286,1
superland_parking_view.mp4,9421,1
superland_parking_view.mp4,2698,1
superland_parking_view.mp4,14855,0
superland_parking_view.mp4,13508,1
superland_parking_view.mp4,8645,1
superland_parking_view.mp4,28605,0
superland_parking_view.mp4,2940,1
superland_parking_view.mp4,18729,0
superland_parking_view.mp4,13614,1
superland_parking_view.mp4,2246,1
superland_parking_view.mp4,4738,1
superland_parking_view.mp4,6336,1
superland_parking_view.mp4,9648,1
superland_parking_view.mp4,5675,1
superland_parking_view.mp4,67,0
superland_parking_view.mp4,7741,1
superland_parking_view.mp4,14198,1
superland_parking_view.mp4,11280,1
superland_parking_view.mp4,26108,0
superland_parking_view.mp4,13213,1
superland_parking_view.mp4,13219,1
superland_parking_view.mp4,21340,0
superland_parking_view.mp4,3662,1
superland_parking_view.mp4,15859,1
superland_parking_view.mp4,16005,1
superland_parking_view.mp4,2118,1
superland_parking_view.mp4,2264,1
superland_parking_view.mp4,2100,1
superland_parking_view.mp4,7375,1
superland_parking_view.mp4,18502,0
superland_parking_view.mp4,8206,1
superland_parking_view.mp4,8793,1
superland_parking_view.mp4,16119,1
superland_parking_view.mp4,10207,1
superland_parking_view.mp4,2658,1
superland_parking_view.mp4,15715,1
superland_parking_view.mp4,33827,1
superland_parking_view.mp4,13779,1
superland_parking_view.mp4,14288,1
superland_parking_view.mp4,7615,1
superland_parking_view.mp4,2680,1
superland_parking_view.mp4,31216,1
superland_parking_view.mp4,7619,1
superland_parking_view.mp4,5702,1
superland_parking_view.mp4,24859,0
superland_parking_view.mp4,15551,1
superland_parking_view.mp4,734,0
superland_parking_view.mp4,7832,1
superland_parking_view.mp4,3603,1
superland_parking_view.mp4,14835,1
superland_parking_view.mp4,4229,1
superland_parking_view.mp4,13203,1
superland_parking_view.mp4,3714,1
superland_parking_view.mp4,2692,1
superland_parking_view.mp4,1674,1
superland_parking_view.mp4,16568,1
superland_parking_view.mp4,6235,1
superland_parking_view.mp4,6842,1
superland_parking_view.mp4,4508,1
superland_parking_view.mp4,3178,1
superland_parking_view.mp4,8144,1
superland_parking_view.mp4,33259,1
superland_parking_view.mp4,14416,1
superland_parking_view.mp4,27130,0
superland_parking_view.mp4,17821,1
superland_parking_view.mp4,359,0
superland_parking_view.mp4,11437,1
superland_parking_view.mp4,10836,1
superland_parking_view.mp4,8173,1
superland_parking_view.mp4,16106,1
superland_parking_view.mp4,25881,0
superland_parking_view.mp4,11062,1
superland_parking_view.mp4,23157,0
superland_parking_view.mp4,4222,1
superland_parking_view.mp4,6470,1
superland_parking_view.mp4,10892,1
superland_parking_view.mp4,18389,0
superland_parking_view.mp4,3319,1
superland_parking_view.mp4,2565,1
superland_parking_view.mp4,3072,1
superland_parking_view.mp4,20773,0
superland_parking_view.mp4,863,0
superland_parking_view.mp4,24405,0
superland_parking_view.mp4,13962,1
superland_parking_view.mp4,11630,1
superland_parking_view.mp4,28719,0
superland_parking_view.mp4,8287,1
superland_parking_view.mp4,33373,1
superland_parking_view.mp4,16727,1
superland_parking_view.mp4,4059,1
superland_parking_view.mp4,7435,1
superland_parking_view.mp4,3186,1
superland_parking_view.mp4,12568,1
superland_parking_view.mp4,12464,1
superland_parking_view.mp4,5912,1
superland_parking_view.mp4,31557,1
superland_parking_view.mp4,15860,1
superland_parking_view.mp4,4315,1
superland_parking_view.mp4,25200,0
superland_parking_view.mp4,6583,1
superland_parking_view.mp4,15396,1
superland_parking_view.mp4,32692,1
superland_parking_view.mp4,11998,1
superland_parking_view.mp4,10670,1
superland_parking_view.mp4,9593,1
superland_parking_view.mp4,23043,0
superland_parking_view.mp4,9811,1
superland_parking_view.mp4,2232,1
superland_parking_view.mp4,163,0
superland_parking_view.mp4,10492,1
superland_parking_view.mp4,12088,1
superland_parking_view.mp4,1676,1
superland_parking_view.mp4,11534,1
superland_parking_view.mp4,10585,1
superland_parking_view.mp4,2388,1
superland_parking_view.mp4,6854,1
superland_parking_view.mp4,2107,1
superland_parking_view.mp4,1704,1
superland_parking_view.mp4,16800,1
superland_parking_view.mp4,7267,0
superland_parking_view.mp4,22135,1
superland_parking_view.mp4,10716,1
superland_parking_view.mp4,4957,1
superland_parking_view.mp4,25767,0
superland_parking_view.mp4,16686,1
superland_parking_view.mp4,2216,1
superland_parking_view.mp4,6129,1
superland_parking_view.mp4,456,0
superland_parking_view.mp4,9385,1
superland_parking_view.mp4,12409,1
superland_parking_view.mp4,16913,1
superland_parking_view.mp4,12888,1
superland_parking_view.mp4,13912,1
superland_parking_view.mp4,12970,1
superland_parking_view.mp4,12457,1
superland_parking_view.mp4,22362,1
superland_parking_view.mp4,29173,1
superland_parking_view.mp4,12049,1
superland_parking_view.mp4,14661,1
superland_parking_view.mp4,4344,1
superland_parking_view.mp4,19638,0
superland_parking_view.mp4,17594,1
superland_parking_view.mp4,7662,1
superland_parking_view.mp4,15727,1
superland_parking_view.mp4,16001,1
superland_parking_view.mp4,10882,1
superland_parking_view.mp4,3374,1
superland_parking_view.mp4,32238,1
superland_parking_view.mp4,30989,1
superland_parking_view.mp4,1929,1
superland_parking_view.mp4,32011,1
superland_parking_view.mp4,14403,1
superland_parking_view.mp4,1222,0
superland_parking_view.mp4,11335,1
superland_parking_view.mp4,8767,1
superland_parking_view.mp4,22930,0
superland_parking_view.mp4,15892,1
superland_parking_view.mp4,11263,1
superland_parking_view.mp4,29854,0
superland_parking_view.mp4,1021,0
superland_parking_view.mp4,16272,0
superland_parking_view.mp4,12131,1
superland_parking_view.mp4,119,0
superland_parking_view.mp4,28946,0
superland_parking_view.mp4,15164,1
superland_parking_view.mp4,27811,0
superland_parking_view.mp4,1975,1
superland_parking_view.mp4,22816,0
superland_parking_view.mp4,3064,1
superland_parking_view.mp4,947,0
superland_parking_view.mp4,3973,1
superland_parking_view.mp4,17367,1
superland_parking_view.mp4,7946,1
superland_parking_view.mp4,6700,1
superland_parking_view.mp4,21908,1
superland_parking_view.mp4,5114,1
superland_parking_view.mp4,2911,1
superland_parking_view.mp4,12662,1
superland_parking_view.mp4,3276,1
superland_parking_view.mp4,12434,1
superland_parking_view.mp4,1475,1
superland_parking_view.mp4,3859,1
superland_parking_view.mp4,5782,1
superland_parking_view.mp4,7486,1
superland_parking_view.mp4,15778,1
superland_parking_view.mp4,8170,1
superland_parking_view.mp4,16566,1
superland_parking_view.mp4,16888,1
superland_parking_view.mp4,10822,1
superland_parking_view.mp4,33600,1
superland_parking_view.mp4,14491,1
superland_parking_view.mp4,5808,1
superland_parking_view.mp4,11731,1
superland_parking_view.mp4,5394,1
superland_parking_view.mp4,5541,1
superland_parking_view.mp4,12259,1
superland_parking_view.mp4,16698,1
superland_parking_view.mp4,11095,1
superland_parking_view.mp4,4193,1
superland_parking_view.mp4,5845,1
superland_parking_view.mp4,10999,1
superland_parking_view.mp4,690,0
superland_parking_view.mp4,2700,1
superland_parking_view.mp4,19184,0
superland_parking_view.mp4,16530,1
superland_parking_view.mp4,856,0
superland_parking_view.mp4,21794,1
superland_parking_view.mp4,6035,1
superland_parking_view.mp4,10216,1
superland_parking_view.mp4,12911,1
superland_parking_view.mp4,11614,1
superland_parking_view.mp4,4994,1
superland_parking_view.mp4,4157,1
superland_parking_view.mp4,7425,1
superland_parking_view.mp4,29740,0
superland_parking_view.mp4,132,0
superland_parking_view.mp4,14253,1
superland_parking_view.mp4,7753,1
superland_parking_view.mp4,14827,1
superland_parking_view.mp4,6697,1
superland_parking_view.mp4,11119,1
superland_parking_view.mp4,32805,1
superland_parking_view.mp4,20205,0
superland_parking_view.mp4,2434,1
superland_parking_view.mp4,794,0
superland_parking_view.mp4,340,0
superland_parking_view.mp4,1387,1
superland_parking_view.mp4,4669,1
superland_parking_view.mp4,16851,1
superland_parking_view.mp4,227,0
superland_parking_view.mp4,18616,0
superland_parking_view.mp4,16572,1
superland_parking_view.mp4,13288,1
superland_parking_view.mp4,6475,1
superland_parking_view.mp4,8369,1
superland_parking_view.mp4,14205,1
superland_parking_view.mp4,5796,1
superland_parking_view.mp4,11500,1
superland_parking_view.mp4,9446,1
superland_parking_view.mp4,31443,1
superland_parking_view.mp4,16840,1
superland_parking_view.mp4,3627,1
superland_parking_view.mp4,29400,0
superland_parking_view.mp4,13401,1
superland_parking_view.mp4,7336,0
superland_parking_view.mp4,2383,1
superland_parking_view.mp4,8827,1
superland_parking_view.mp4,29627,0
superland_parking_view.mp4,454,0
superland_parking_view.mp4,5403,1
superland_parking_view.mp4,2837,1
superland_parking_view.mp4,6593,1
superland_parking_view.mp4,20886,0
superland_parking_view.mp4,3387,1
superland_parking_view.mp4,8160,1
superland_parking_view.mp4,7001,1
superland_parking_view.mp4,32124,1
superland_parking_view.mp4,30876,0
superland_parking_view.mp4,11692,1
superland_parking_view.mp4,15687,1
superland_parking_view.mp4,4332,1
superland_parking_view.mp4,6859,1
superland_parking_view.mp4,6178,1
superland_parking_view.mp4,12541,1
superland_parking_view.mp4,12018,1
superland_parking_view.mp4,29513,0
superland_parking_view.mp4,16748,1
superland_parking_view.mp4,14798,1
superland_parking_view.mp4,9715,1
superland_parking_view.mp4,8453,1
superland_parking_view.mp4,28151,0
superland_parking_view.mp4,12264,1
superland_parking_view.mp4,11677,1
superland_parking_view.mp4,5627,1
superland_parking_view.mp4,3158,1
superland_parking_view.mp4,12600,1
superland_parking_view.mp4,19411,0
superland_parking_view.mp4,4737,1
superland_parking_view.mp4,8426,1
superland_parking_view.mp4,15806,1
